,author,developer_reply,review,review_date,reviewer_ratings
0,임닉이,, 회원가입을하려니까 가입 필수조건을 다 체크하고 전화번호 인증하니까 필수조건 체크가 다 안되있고 안 눌러집니다. 그래서 순서 바꿔서 전화번호인증 먼저하고 필수조건하려니까 또 안되네요. 회원가입하지 말란말인가요? 그리고 선택 체크도 안됩니다,2021년 2월 8일,52
1,Nayeon kang,, 나름 대기업인데 일좀 열심히 했으면 좋겠다. 쇼핑앱 여러개 사용중인데 이렇게 뭐 이벤트하는거 찾기 번거롭고 조잡한 앱은 여기밖에 없다.,2021년 2월 5일,51
2,산뜻산뜻,, 주문조회에서 택배&12개월로 보고 싶은데 택배배송을 누르면 12개월이 3개월로 바뀌고 12개월을 누르면 택배가 전체배송으로 바뀜. 그리고 ssg페이 쓸 생각 없으니 결제 방법을 제발 최근에 선택한 항목으로 고정시켜줬으면 좋겠음,2021년 1월 25일,51
3,신종철,, 시스템 잘도 만들어놨네요.왠만해서 귀찮아서 글도 잘 안쓰는 사람인데요. 시스템 왜 이딴식으로 만들었는지 이해가 안가네요. 그리고 상담사는 왜 기본적인 부분도 숙지를 못하고 있는가요? Ssg머니 사용처도 기본적으로 숙지해야하는거 아닌가요? 왜 고객은 알고 직원은 모르는지 이해가 안가네요 페이로 이마트 현장결제 되는거 대부분 아는데 ssg닷컴에서 왜 모르는지?ㅋㅋ페이어플이랑 닷컴이랑 머니가 연동이 안되서 3시간동안 별짓을 다했네요?닷컴에서보이는게 ssg페이에선 안보이고 결국 계산대에서 별짓다하다가 결제못해서 고센앞에서 통화하는데 상담사...전체 리뷰시스템 잘도 만들어놨네요.왠만해서 귀찮아서 글도 잘 안쓰는 사람인데요. 시스템 왜 이딴식으로 만들었는지 이해가 안가네요. 그리고 상담사는 왜 기본적인 부분도 숙지를 못하고 있는가요? Ssg머니 사용처도 기본적으로 숙지해야하는거 아닌가요? 왜 고객은 알고 직원은 모르는지 이해가 안가네요 페이로 이마트 현장결제 되는거 대부분 아는데 ssg닷컴에서 왜 모르는지?ㅋㅋ페이어플이랑 닷컴이랑 머니가 연동이 안되서 3시간동안 별짓을 다했네요?닷컴에서보이는게 ssg페이에선 안보이고 결국 계산대에서 별짓다하다가 결제못해서 고센앞에서 통화하는데 상담사가 온라인 결제밖에 안된다고 이마트얘기하니 엉뚱한소리만 하시고 수수료라도 차감해서 환불 받으면 얼마냐고 하니 10만원 이상은 환불도 안돼?페이어플에 가서 받아야한다고요?페이에 안떠서 묻는건데 뭐 이런;;아오 진짜 이것도 안돼 저것도 안돼 앞으로 ssg 통합좀 하세요 뭐 이딴식으로 만들어놓고 아진짜 너무 열받아서 글씁니다,2021년 1월 20일,51
4,김재규,"<div class=""LVQB0b""><div class=""QoPmEb""></div><div><span class=""X43Kjb"">SSG.COM</span><span class=""p2TkOb"">2020년 12월 22일</span></div>안녕하세요
앱개발담당자 입니다.
적극적인 댓글을 드리지는 않았지만 눈여겨 보고 있습니다. 다만 디바이스환경에 따른 오류나 현상이 워낙 다양해 최대한 수정반영하려고 노력중입니다. 앞으로도 좀 더 고객님이 인지 가능한 커뮤니케이션을 하도록 노력하겠습니다.
말씀하신 내용도 관련 담당자와 협의 해보겠습니다.
의견 감사합니다.</div>"," 장바구니에 있는 목록들의 순서를 이동, 변경할 수 있게 해주면 좋겠습니다. 장바구니에 담은 시간 순서로 되어 있어서 비슷한 물품이 아래 위 여기저기 있을 때 선택하는 데 불편이 있습니다. .....그리고 힌가지... 여기에 써봐야 개발자나 고객의견 전달자는 전혀 안 보는 건가요?",2020년 12월 15일,55
5,류키,, 최악의 앱 상담사 전화도 안받고 결제도 계좌이체도없고 이러니 다른 배송어플에 밀리는게 당연하다는 생각이드네요,2021년 2월 4일,51
6,Google 사용자,, 캐시 준다고 해서 설치해서 홈화면 보구 다 보구 하나하나 다 클릭까지 했는데 캐시를 안주는데 캐시좀 주세요,2021년 2월 6일,51
7,Hyeong Wuk Kim,," 구매단계에서 앱 사용성은 좋으나 고객센터, 특히 식품 반품관련 접근성은 끔찍합니다. 문의 버튼들은 my ssg 하단에 있어 찾기 힘들고 고객센터 톡은 왜 쓰지 않을 기능 권한까지 다 주지 않으면 사용할 수 없는 것인지. 너무 불편하고 복잡하게 설계해놔서 소비자 경험을 다 깎아놓네요",2021년 1월 4일,52
8,jdh 1931,"<div class=""LVQB0b""><div class=""QoPmEb""></div><div><span class=""X43Kjb"">SSG.COM</span><span class=""p2TkOb"">2020년 12월 22일</span></div>안녕하세요.
앱개발 담당자입니다.
불편을 드려 죄송합니다. 어제 2.9.0으로 업데이트를 진행했습니다.
위에 리뷰에도 덧글을 달았지만 앱접근성 영역에도 영향을 주는 부분이 일부 기기별특성별로 발생할수도 있었던 부분입니다.. 고객님이 겪으신 유사 문제를 해결한 버전이니 이번 업데이트로 해결이 되었으면 하구요~ 또 문제가 발생하신다면 추가리뷰 부탁드립니다.</div>"," 이제까지 괜찮던 앱이 완전 퇴보했네요. 배너 때문에 아무것도 할 수 없습니다. 배너 때문에 화면 내용을 전혀 읽어주지 못하고, 그러다보니 저 같은 시각장애인은 아무것도 못합니다. 이 정도로 접근성을 깬 건 본 적 없는데, 대기업이 이럴 줄은 몰랐네요.",2020년 12월 18일,51
9,Stella,," 왜... 네이버 아이디 연동은 로그인이 안 되는 건가요 ㅠ 비밀번호가 계속 틀렸다고 나오길래 잘못 기억했나 싶어서, 수정하고 다시 로그인 하려는데도 여전히 같은 상태가 반복되네요... 동일한 연동계정에 동일한 비밀번호를 컴퓨터로 입력하면 문제 없이 로그인이 되는데, 뭐가 문제일까요",2021년 1월 12일,51
10,척준경,," 1.ssg는cj대한통운으로 보낸다. 2.일요일 공휴일에는 배송안된다(쿠팡은 토 일요일은 물론 새벽 4시에도 풀로 가동 배송함) 내가 ssg에서 산 스팀청소기에 경우 쿠팡보다 5천원 더 비싸다(쿠팡 최저가 보장제가 있어 최저가이상으로 팔지 않음) 3.2일 늦게 주문한 쿠팡이 2일먼저 도착했다 4.쿠팡 마냥 쿠폰을 주는척 하는데 이 앱의 쿠폰은 그림의 떡이다 5.여기 직원이 쿠팡쓴다. 6확실히 쿠팡 다음으론 좋긴 하다. 1,2위 차이가 심할뿐",2021년 2월 10일,51
11,SHINee j,, 결제방법에 무통장 입금이 포함 되길 빕니다..!,2021년 2월 1일,54
12,Arthur,"<div class=""LVQB0b""><div class=""QoPmEb""></div><div><span class=""X43Kjb"">SSG.COM</span><span class=""p2TkOb"">2020년 12월 22일</span></div>안녕하세요
불편을 드려 죄송합니다. 어제 2.9.0으로 업데이트를 진행했습니다.
기기별특성별로 발생할수도 있고 동일한 기기에서도 재현이 안되는 경우도 있어서요. 고객님이 겪으신 유사 문제를 해결한 버전입니다. 이번 업데이트로 해결이 되었으면 하구요~ 또 문제가 발생하신다면 추가리뷰 부탁드립니다.</div>", 계속 네트워크 불안정이라고 떠요. 다른 분들 리뷰 보니 저만의 문제는 아닌듯. 원래는 잘 되었었는데 불안정 알람 뜬지 보름쯤 된 거 같아요. 금방 고치겠거니 했는데..... svilllage는 주문하기가 너무 너무 어렵고.. 이렇게 오래 못 고치면 오랜 단골 다 떠나갑니다. 다른 앱은 다 잘되고요. 혹시 제 문제일까 싶어 앱도 다시 깔아보고 핸드폰 리셋도 해봤는데 쓱만 안되요.,2020년 11월 28일,51
13,DH J,, 결제하려고 신한카드 새로 입력 하려는데 자꾸 오류라고 하면서 튕깁니다. 타 사이트에 등록된 신한카드는 결제가 잘 되네요... 결국 다른데서 주문했지만 고쳐주시면 좋겠네요.,2021년 1월 9일,53
14,LEE JI-EOUN LEE,"<div class=""LVQB0b""><div class=""QoPmEb""></div><div><span class=""X43Kjb"">SSG.COM</span><span class=""p2TkOb"">2020년 12월 23일</span></div>안녕하세요~ 불편사항 남겨주셔서 감사합니다.
장바구니 영역의 일부 오류가 확인되어 해당사항 확인해서 수정 반영되었습니다.
앞으로도 지속적인 개선으로 불편을 최소화하는데 노력하겠습니다.
감사합니다.
</div>", 일주일 전부터인가 품절 대체상품 상품별로 선택하기 누르고 나오는 팝업창이 스크롤이 안 내려가서 아래 목록들을 선택할 수가 없어요. 최신으로 업데이트 해도 계속 그러네요,2020년 12월 22일,51
15,수수,, 장보기가 너무편함 같이볼수도 있고 품절때 입고 알림도 바로 떠서 좋음 단점은 돈을 너무 많이 쓴다는점..,2021년 1월 20일,55
16,정흠,, 배송이 최악입니다 시간많고 느긋하신분추천 합니다 3~4일은 기본 배송예상일 믿고 주문했다가 일주일 이상기다리다 취소하거나 물건없다고 자동 환불될수도 있음,2020년 12월 20일,51
17,연주,, 리뷰쓸때 기존리뷰랑 한달사용리뷰랑 두가지가있던데 둘중하나 작성하면 나머진 안써도되게끔 미작성목록에서 빼면안돼요? 그냥리뷰랑 한달사용이랑 한제품가지고 두번쓰려니 너무 불편합니다,2020년 12월 31일,53
18,강원태,, 해양심층수 6배수 우연한 기회에 알게 되어 먹기 시작했는데 이제는 끈을수 없이 중독이 되어가는것 같아요~~ 6배수 좋아요,2020년 12월 24일,54
19,jeong sungeum,, 육배수는 물 입자가 작아 목 넘김이 부드러운거 같아요. 그래서 그런지 정수기 물이 덜 먹히네요~^^ 내 몸이 원해요~!!!,2020년 12월 23일,55
20,오묵성,, 여기 어플 네이버 아이디 로그인 안 됨. 다시는 여기 물품 사지 않을테다. 망해라 내 30분 낭비한 어플.,2021년 1월 16일,51
21,나루해피,, 진짜 최악 ㅋㅋㅋㅋ최초 오픈 포인트 언제 줄 거냐? 등쳐먹고 있네 ㅠㅠ 등쳐먹어서 좋냐? 양심도 없나 진짜 ㅋㅋㅋ 여기서 뭐 물건 살 일도 없을 듯 ㅋㅋㅋ 딱 봐도 수준 보이니까,2021년 1월 29일,51
22,sa yongja,, 상품평 좀 최신순으로 볼 수 있게 해주세요. 지금 2021년인데 왜 2019년 상품평이 맨 앞에 있는 거냐고요!!! 신세계는 상품평 관리를 왜 이런식으로 하는 건지 정말 답답함.,2021년 1월 6일,52
23,김순옥,, 집으로 직장으로 6배수 빠른 배송완료 입니다 물맛 좋고 몸에좋은 한스 6배수 최고네요,2021년 1월 26일,55
24,처음처럼,," 전에는 됐는데 신용카드 전표가 열리지도 않고, 가끔 열려도 이미지 저장이 안돼요",2020년 12월 17일,54
25,Woohee Jeong,, 편하고 빠르고 믿을 수 있어서 좋아요! 한 번 쓰니 계속 쓱닷컴만 이용하게 되네요,2020년 12월 14일,55
26,전희선,," 신세계 몰에 해양심층수 육배수가,올라와있다길래 주문해봤읍니다 건강에 좋은 해양심층수 육배수 정말,맛있고 좋읍니다 지인들에게 권해볼랍니다",2020년 12월 25일,55
27,JeongYeon Hong,, 우리카드 우리페이 사용자입니다. 우리페이 결제는 안되는건가요? 기술적으로 불가능한 것이 아니라면 우리페이로도 결제할 수 있도록 개선 부탁드립니다. 다른 결제수단도 있지만 우리페이 결제시 받을 수 있는 혜택을 놓치게되어서 손해를 봅니다.,2021년 2월 5일,51
28,Mj K,, 빠른 배송 감동입니다. 건강조심하세요 정확한 배송감사합니다 매번 감동 받고있어요. 밤낮으로 정성껏 배송해 주시고 🙏,2020년 11월 29일,55
29,한중우,, 좋네요 쇼핑하기 아주편하고 해양심층수 6배수 구입했는대 빠른배송이라 아좋습니다 굿,2020년 12월 19일,55
30,Dragon J,," 일단 상품 포장은 잘 오는데, 제가 산 상품이 매진되었다고 오지 않았습니다.먼저 산 사람에게 줘야되는거 아닌가요🤔?",2020년 12월 29일,53
31,이계순,, 편리한 쇼핑몰어서 고혈압당뇨에좋은 6배수드시고 건강하세요,2021년 1월 15일,55
32,더불어 강간당 문재앙,, 쿠팡쓰렵니다. 로그인부터 아이디비번찾기까지 그어떤것조차 쿠팡의 발톱도 못간듯,2020년 12월 12일,51
33,최창열,, 6배수 각종미래날 넘좋아요 마시기시작한지 한달여만에 가려움증이 없어졌어요,2020년 12월 14일,55
34,손성원,, 운동화 구매했는데 일주일뒤에 재고없다고 전화오고 환불처리 해주네요. 옆집 쿠팡은 당일 배송오는데 이러면 누가써요. 잘 좀 관리해주세요.,2021년 2월 7일,51
35,김희선,, 리뷰 정렬하는 게 없어진건지..? 최신순이나 평점순으로도 보고싶은데 다 뒤죽박죽... 보통 업데이트하면 잠깐 어색해해도 기능적으로 나아지는 게 있어서 납득하는데 이번은ㅠㅠ 다양한 연령대가 사용하는 만큼 좀 더 직관적으로 바뀌었으면 좋겠어요. 이상한 디자인적 요소는 고려하시지 말고요ㅠ,2021년 1월 26일,53
36,예비역하사,, 설치 후 후원 기능 있어서 했는데 ㅡㅡ 안됨,2021년 2월 9일,51
37,divecurious,, 갤럭시폴드 최적화는 언제되나요? 쓱페이랑 연동은 언제 되나요,2020년 12월 12일,51
38,Bella K _,," 쇼핑케어 쿠폰 사용시 왜 상품별로 쿠폰적용여부가 안나오는거죠? 상품페이지랑 장바구니에서 안나오는건 이해해도 쓱배송 상품, 결제기준금액까지 다 맞춰서 결제까지 같는데, 쿠폰이 안뜸. 심지어 어떤게 해당안되는 건지도 안알려줌 10상품 살거면 하나씩 3만원 넘게 해서 확인하라는 고객센터... 쇼핑케어를 제공하는 홈플러스는 장바구니 3만원만 넘으면 그냥 쿠폰 사용하게 하는데.. 그걸 바라는 것도 아니고, 어떤게 적용안되는 상품인지 알려달라는게 어렵나요? 결제 적용안되는거 체크할때 어차피 상품들 하나씩 체크하는거 아닌가요? 소비시키려고 쿠폰...전체 리뷰쇼핑케어 쿠폰 사용시 왜 상품별로 쿠폰적용여부가 안나오는거죠? 상품페이지랑 장바구니에서 안나오는건 이해해도 쓱배송 상품, 결제기준금액까지 다 맞춰서 결제까지 같는데, 쿠폰이 안뜸. 심지어 어떤게 해당안되는 건지도 안알려줌 10상품 살거면 하나씩 3만원 넘게 해서 확인하라는 고객센터... 쇼핑케어를 제공하는 홈플러스는 장바구니 3만원만 넘으면 그냥 쿠폰 사용하게 하는데.. 그걸 바라는 것도 아니고, 어떤게 적용안되는 상품인지 알려달라는게 어렵나요? 결제 적용안되는거 체크할때 어차피 상품들 하나씩 체크하는거 아닌가요? 소비시키려고 쿠폰뿌려놓고 정작 소비하려는 고객에게 불편함을 떠 안기는데 어디 사용하겠어요?",2020년 11월 16일,51
39,김규수,, 완존좋아요 6배수가여기에서많이 팔려나가길~~,2021년 1월 5일,55
40,박하영,, 다 고르고 결제할려는데 너무 거지같아서 그냥 내일 마트 갈렵니다.,2021년 1월 26일,51
41,이소연,, 카드새로발급받았는데교체가어려워요,2021년 1월 20일,55
42,성경숙,, 한마음 스마트 주식회사에서 새로 출시한 6배수 물을 사먹었어요~엄청 부드럽고 맛이 좋아요~해양심층수 6배수가 변비.소화불량.혈액순환에 탁월해요~남편과 아이들이 먹어보곤 매니아가 되었어요~6배수 짱 입니다,2020년 12월 14일,55
43,Vdtuilfk,, 주문했는데 물건이 안옴. 예를들어 일요일에 주문하면 수요일날 배송한다 해도 다른 앱들은 화요일에 배송완료 혹은 수요일 딱 맞춰서 오는데 여긴 감감무소식.. 늦으면 늦는다 말이라도 하던가. 이게 오긴 오는건지 중간에 분실한건지 알수가 없고 그저 하염없이 기다릴뿐이고.. 아니 최소한 말이라도 해줘야 나도 차선책을 생각하지. 여긴 물건이 필요할때 삼일 기다렸다 받는게 아니라 한 일주일에서 한달쯤 여유를 두고 시켜야 하는건가? 문의를 하려고해도 문의할 곳이 없음. 택배기사 판매자 연락할 방법이 전무하고.. 진짜 짜증남.,2020년 10월 14일,51
44,임수진,, 평점처음남겨봅니다 앱사용시 오류가 계속발생하는데 상담사연결 3번에도 해결되는건없고 지웠다 다시 깔아보라는 답변에 시도해보았지만 계속 발생하는 오류에 그냥 앱 지우고 안쓸래요,2020년 11월 23일,51
45,권병수,, ㅋㅋ 할인쿠폰받을라고 이메일 수신동의 하게해놓고 쿠폰안들어와서 보니까 간편회원가입대상은 대상자가 아니라네요 아에 수신동의를 하게하질 말던가 치졸한놈들,2020년 11월 23일,51
46,JuA LEE,, 개짜증남. ssg카드사용시 배송비쿠폰 적용 자동으로 안되고 수동으로도 안됨ㅡㅡ 앱 다시깔면 또 됨. 앱거지같음 반성하고 수정해주심 좋겠음,2020년 11월 20일,51
47,김형동,, 상품사진이 안나와요 빨리 고쳐주세요,2020년 12월 28일,51
48,몽심,," 관계자님 쓱배송 자주사용하는 주부입니다 정말 물건 살때마다 성질나서 못사겠네요 일부로 현대까드SSG까지 만들었는데 매번 급한물건 꼭필요한거 배송하면 배송시간 다되사 품절이라하고 진짝 살때 품절띄어 놓던가요 특가세일 1+1해놓고 결제하면 배송시간 10분전에 환불한다고 톡하나 찍 오고 ,,뭐 판매 하는건지 미끼인지 몰겠는데 살때마다 사람 우롱하는것같아서 짜증나네요 믿을수있는곳으로 갈아탈랍니다 정말 품절도 한두번이고 한두개여야 참던가하지 만들어논지 오래된식품을 보내지않나..나참.",2020년 11월 2일,51
49,유혜선,, 뭐 어플 몇개를 깔아야하나요? 뭐포인트 쓰는것마다 앱이 다다르고 ssg깔았더니 이마트 또 깔고 이제 포인트 받아 쓰려니 ssg페이가 또있고 3개만 깔면 다 되긴하는건가요? 이게 무슨 통합서비스인가요?,2021년 2월 1일,51
50,이성회,, 6배수 친구소개마셔밧더니 넘좋아요,2020년 12월 29일,55
51,H J,, 갑자기 개인정보 동의하라는 프로세스 나오면서 페이지가 안넘어가서 주문안되네요. 로그인되어있고 매번 주문하는데 고객센터 연락해도 3일이나 해결안되고 있고 고객센터는 매뉴얼로 다시 깔아봐라 껐다켜라하고있고 ㅎㅎ 거의 2일마다 장보던곳인데 당장주문안되는데 며칠간 답변도 해결도 안되도 되나요?,2020년 10월 8일,51
52,림행크,, 그지같은 사기꾼들 의자사고 배송비때문에 물같이 샀더니. 물만 오고 의자는 없네 그러고 나서 배송완료... 4만원짜리 물 샀네... 더러워서 이제 이용안한다 뭐 추가적인 연락도 없고,2020년 10월 1일,51
53,결정장애고구마,, 이상함. 사용자 편의를 하나도 안봐줌.,2021년 2월 1일,51
54,김종하,, 모바일 비추... 쓰기불편해요,2021년 1월 26일,51
55,탱자,, 평소 잘 쓰고있는데 어제오늘 주문 좀 하려니까 배송지변경 누르면 error뜨고 변경도 안되고 앱을 이용할수가 없네요,2020년 10월 15일,55
56,송은혜,, 어플에서 입고알림 부분에서 사이즈 창이 뜨고 입고알림을 눌러야 되는데 사이즈창이 제대로 뜨질않아서 예약도 안되고 옷도 살수없네요 빨리 확인부탁드립니다~,2020년 10월 29일,51
57,Weddbs Qor,, 쿠팡 쓰다 이거 쓰니 속터짐. 앱만 하나지 이마트니 신세계니 해서 중복되는 상품들 나와서 검색도 오래걸리고.. 여러개 쇼칭몰을 대충 하나로 묶으면 통합인가.. 사용자가 상품 사기 쉬워야 통합이지,2020년 9월 19일,51
58,Lee Busan,, 배송이나 제대로 하라고 앱강제로깔게하지말고 이사람들아 장난하나 추석연휴 전날배송한걸 12일날배달하는게 말이되나 이따구로 일을하노,2020년 10월 7일,51
59,ᄋᄋ돌디짱짱뭰,, 배송 대체 언제 되는건지 너무 궁금하네요. 추석이 지나간지가 언제인데 아직까지도 그 소리를 하는건지,2020년 10월 28일,51
60,이인동,, 검색 -> 피코크 공식 스토어 -> MD's pick의 더보기 클릭 시 크래시 나면서 앱 종료됩니다(로그인 여부 무관). 수정 부탁드려요~,2020년 9월 8일,55
61,YERI LEE,, 이벤트 페이지나 쿠폰페이지는 들어가지지도 않고 사이트도 마찬가지네요 마이페이지도 안들어가고 속터져죽겠네요,2020년 11월 5일,51
62,선교한국TV,, 앱 사용은 만족합니다. 다만 일부 배송 기사가 골목길이라고 집까지 배송 안해줘서 무척 힘들었습니다.,2020년 9월 24일,55
63,Ga Yeon Jung,, 앱 아이콘 옆에 빨간색으로 숫자 1이 계속 떠있는데 이것 좀 없애주세요 알림 뜬거 다 확인했는데도 남아있어서 넘 불편해요ㅜㅠ,2020년 9월 13일,52
64,둥이정현,, 가격도 착한 편이고 배송도 빠르고 친절한 배달 직원들이 많아요.,2020년 10월 22일,54
65,min seo,, 고르기고 귀찮아 추천 장바구니 묶음이나 요리조합 세트로 묶어주세요.,2020년 10월 8일,51
66,헤인스제러미,, UI 편의성이 좋아요. 새벽배송도 좋구요.,2020년 10월 4일,55
67,김공주,, 네이버페이도 결재 가능하게 해주세요! 제발!,2020년 11월 23일,53
68,류서진 Allison R.,, 맛있는 음식과 생활용품을 온라인으로 살 수 있어서 좋습니다.,2020년 10월 5일,55
69,김세훈,, 장바구니 들어가면 화면이 이상해짐 캡쳐해둠 필요하시면 드릴게요,2020년 10월 10일,53
70,남한승찬,, 광고참여를 했는데 돈을 못받네요 대기업 주제에 등쳐먹어서 됐나요?,2021년 1월 16일,51
71,FaranVi*파란비,, 무음 알림 설정을 해도 알림이 울립니다. 확인바랍니다.,2020년 11월 4일,53
72,MaybeCross,, 잘 쓰고있었는데 갑자기 앱이 안열리네요,2020년 10월 5일,53
73,이나윤,, 간편하고 시간대나 배달은 빨리 되는거 같아요,2020년 11월 14일,55
74,hanbyul park,, ssg라고 믿고 구매했더니 짭을 파네요ㅋㅋ 상표가 뒤집혀 박혀 옴,2020년 11월 17일,51
75,The Casual Cuber.,, 보기쉽게 구성되어있네요,2020년 10월 29일,55
76,SeHo Kim,, 앱은 정말 별로에요 수시로 먹통에.. 안타깝습니다,2020년 10월 5일,51
77,J.h Park,, 앱 너무 잘쓰고 있어요 쇼핑하기 편해요,2020년 11월 10일,55
78,나규헌,, 시간많고 아무생각이 없으신 분이나 인내심 강한분들은 사용하시면 너무 좋아요 급하고 바쁘고 시간없는 분들은 사용하지 마세요 짜증나서 눈돌아갈수 있으며 화병이 생길수도 있으며 심장마비가 올수 있으니 무념무상 이신분만 사용하시길...,2020년 11월 22일,51
79,김썬키스트,, 6배수 넘좋아요,2021년 1월 15일,55
80,오현진,, 사용하기 편합니다.,2020년 12월 31일,55
81,권미영,"<div class=""LVQB0b""><div class=""QoPmEb""></div><div><span class=""X43Kjb"">SSG.COM</span><span class=""p2TkOb"">2020년 12월 22일</span></div>안녕하세요 앱개발 담당자입니다.
불편을 드려 죄송합니다.
어제 2.9.0으로 업데이트를 진행했습니다. 기기별특성별로 발생할수도 있고 동일한 기기에서도 재현이 안되는 경우도 있어서요.
고객님이 겪으신 유사 문제를 해결한 버전입니다.
이번 업데이트로 해결이 되었으면 하구요~ 또 문제가 발생하신다면 추가리뷰 부탁드립니다.</div>", 앱사용중 네트워크불안정이라고 뜨고 꺼져버리는일이 두달은되가는거같은데 ㅠ냎ᆢㄴ문제인줄알고 어플삭제후 다시깔기를 여러번 ㅡㅡ지속된오류를 왜!!개선하지않는건가요?? 답답합니다,2020년 12월 20일,51
82,최은실,, 배송이 너무 느려요 어플 안정성도 너무 떨어지네요. 무료배송 받기위한 최소한도도 너무 금액이 커서 자주사용하지 않게 돼요,2020년 12월 28일,51
83,퍼즐,," 너무 관심 없는데 강제로 창이 뜹니다...,",2020년 11월 3일,51
84,jin-kyung koo,," 주문은 받고 발송직전에야 품절이라고 임의취소하고 취소완료띄워서 취소처리현황 따위 확인할 방법도 없고 환불처리는 주문한 결제방식으로가 아니라 추가주문한 카드로 된다는것도 어디에도 고지되어있지않고 직접 상담사에게 문의해야만 알수있음. 적어도 특정상품이 품절이면 배째라식으로 발송직전 톡 날려서 이러지도저러지도 못하게 할게 아니라 전체취소여부를 묻는게 맞고... 취소처리완료 띄우고 배째라 할게 아니라 처리현황이 어떻게,어디로 되어가고 있는지 정도는 씈배송 자체에서 확인가능하게 할수있는게 맞지않나요.주문은 받아놓고 품절로 취소시킨것만으로도 ...전체 리뷰주문은 받고 발송직전에야 품절이라고 임의취소하고 취소완료띄워서 취소처리현황 따위 확인할 방법도 없고 환불처리는 주문한 결제방식으로가 아니라 추가주문한 카드로 된다는것도 어디에도 고지되어있지않고 직접 상담사에게 문의해야만 알수있음. 적어도 특정상품이 품절이면 배째라식으로 발송직전 톡 날려서 이러지도저러지도 못하게 할게 아니라 전체취소여부를 묻는게 맞고... 취소처리완료 띄우고 배째라 할게 아니라 처리현황이 어떻게,어디로 되어가고 있는지 정도는 씈배송 자체에서 확인가능하게 할수있는게 맞지않나요.주문은 받아놓고 품절로 취소시킨것만으로도 짜증나는데 고객이 직접 다 여기저기 돌아다니면서 어디로 어떻게 환불되는지도 일일이 확인해야되나요. 좋은 상품이 꽤 많음에도 이제 신세계상품권 생길때를 제외하곤 씈배송은 자제해야겠습니다.시스템이 너무 엉망이예요. 매번 주문때마다 스트레스받음.",2020년 9월 3일,51
85,Team Matari,," 친절한 응대, 다양한 상품. 조금 아쉽긴 해도 직관적이고 편리한 UX. 좋습니다.",2021년 1월 3일,55
86,남준희,, 자취할때는 혁명적이었던 배송 시스템. 이곳저곳에 쿠폰도 많고 배송 시간 정할 수 있어서 외출이 잦은 자취생에게 정말 필수였다. 하지만 한 페이지에 정보가 너무 많아서 깔끔하다는 느낌은 없었다.,2020년 10월 28일,54
87,핏빛토끼,, 개 비싸네;;; 마트가면 3000원에 파는 콜라 +환타가 사천 몇 백원... 배송비도 따로 받을거 아냐;; 가격에 메리트가 안 보여서 바로 지움.,2021년 1월 20일,51
88,멜론,, 헉.쿠팡 이용하다가 배송이 넘 맘에 안들어서.바꿔보려고 가격비교해보니.어이없네.공산품 가격을 예로들면.이과수커피 100그램.2통산가격.쿠팡9900원와우회원 Ssg한통 배송비까지9800정도.그냥 쿠팡으로 간다.모르면 이용하겠지만.알고는 못바꾸겠네.,2020년 9월 7일,51
89,초리,, 아니 제가 게임 칩을 샀는데요 분명 수요일에 온다고 적혀있었거든요? 근데 지금까지 안오네요? 다른앱에서는 날짜를 정확히 잡고 주문을 받는데 왜 여기는 날짜를 정확히 안잡죠? 다음부터 날짜를 정확히 잡아주세요,2020년 12월 25일,51
90,김창균,, 이거게임마자이거만든자쓰레기!!!!!진짜너무많이짜증나고화나고오늘정말안좋은날이네요!!!!!!!!!!!!!!!!😡😡😡🌋🚷,2020년 11월 5일,51
91,Hyunwoo Lee,," [2020-8-25]개선된 UI에 만족하며 SSG, 이마트몰, 트레이더스, 새벽배송 모두 똑같은 앱으로 공통화한 부분은 고객 만족도에 좋아보입니다. 추가적인 건의사항드립니다 1. 베스트 랭킹이 이게 진짜 베스트인지 의문의 조금 드는 리스트던데 확인부탁드려요. 어떤 메커니즘으로 동작하는지.2. 또한 대부분의 쇼핑몰은 앱 설치시 추가 혜택을 줘서 앱설치를 강제화 합니다. 3.뽐뿌 핫딜을 통해 주로 사용하는 쇼핑몰을 고르는 경우가 많습니다. 신선배송의 경우는 경쟁력이 있는데 일반 쇼핑몰의 경우 경쟁력있는 핫딜 제품으로 뽐뿌 등을 통해 앱...전체 리뷰[2020-8-25]개선된 UI에 만족하며 SSG, 이마트몰, 트레이더스, 새벽배송 모두 똑같은 앱으로 공통화한 부분은 고객 만족도에 좋아보입니다. 추가적인 건의사항드립니다 1. 베스트 랭킹이 이게 진짜 베스트인지 의문의 조금 드는 리스트던데 확인부탁드려요. 어떤 메커니즘으로 동작하는지.2. 또한 대부분의 쇼핑몰은 앱 설치시 추가 혜택을 줘서 앱설치를 강제화 합니다. 3.뽐뿌 핫딜을 통해 주로 사용하는 쇼핑몰을 고르는 경우가 많습니다. 신선배송의 경우는 경쟁력이 있는데 일반 쇼핑몰의 경우 경쟁력있는 핫딜 제품으로 뽐뿌 등을 통해 앱설치 유인을 하면 신선배송과 쇼핑몰 양쪽으로 윈윈이 되지 않을까 생각됩니다. [2020-7-26] 개발자,주주, 사용자로서 건의드립니다. 앱이 기능적으로는 좋으나 너무 많은 기능이 난잡한 것이 단점입니다. 사용자는 이마트몰인지 트레이더스 몰인지 크게 상관없이 물건을 구입라는것에만 관심이 있습니다. 그런관계로 다양하게 벌려져있는 몰들을 통합하고 기능들을 통합",2020년 8월 24일,55
92,- HML 집돈LOW,, 아니 뭔 로그인 화면도 못넘어가는 앱이 있나. 1. 앱 껐다 켰다 여러번 반복 2. 폰 전원 자체를 끄고 다시 리부트 2번 해봤음. 3. 앱을 지웠다가 다시 설치 결론 : 다 안먹힘. 이게 앱임? 쇼핑을 하라는건가 말라는건가. SSG에서 사실분은 그냥 앱깔지 말고 브라우저에서 시도하세요. 답이 없습니다. 리플 뒤져보니 몇달전부터 이모양이였네요.,2020년 2월 8일,51
93,김진형,, 1. 가격이 동네 마트보다 비쌈(간혹 싼것들은 품절) 2. 사용환경 부적절/ 실시간 정보가 업데이트되지 않아서 오류발생---->처음으로 돌아감(현관비밀번호만 9번 적어줬다 이정도면 보이스피싱아니냐) 3. 결제수단 복잡(쓱카든지 뭔지 있지도않은 카드 자꾸 자동체크되어있고 간편결제나 일반신용결제하려면 깔아야하는 앱만 몇개인지...) 4. 인터페이스 복잡 화면에 글이 너무많아 그 외에도 안써야할 이유 수십가지.. 다른사이트 이벤트때문에 써볼까 하다가 한번쓰고 삭제,2020년 5월 1일,51
94,성이름,," 쓱은 무슨..ㅋㅋ 익일배송이라 해놓고 금요일에 주문한거 주말엔 배송 쉰다고 하더라도 월요일 오후4시 넘었으면 택배사에서 출발이라도 해야지 오전 11시부터 오후5시까지 택배사로 이동중이라는게 말이되나요? 요즘 교통편리한 한국에서 6시간동안 택배사로 이동중이라는게 말이안되고, 좀 이상해서 고객센터에 전화했더니 직원이 짜증나는말투로 세게말해서 기분상했고 얘기하고싶지 않아 알겠다고 하고 끊었습니다. 제가 직원인줄알았어요^^ 난장판이네요ㅋㅋㅋ 선물받은 상품권쓴다고 빨리구매하려고 이용했더니 더 느리네요.. 배송받고는 절대로 재설치 안할예정이에...전체 리뷰쓱은 무슨..ㅋㅋ 익일배송이라 해놓고 금요일에 주문한거 주말엔 배송 쉰다고 하더라도 월요일 오후4시 넘었으면 택배사에서 출발이라도 해야지 오전 11시부터 오후5시까지 택배사로 이동중이라는게 말이되나요? 요즘 교통편리한 한국에서 6시간동안 택배사로 이동중이라는게 말이안되고, 좀 이상해서 고객센터에 전화했더니 직원이 짜증나는말투로 세게말해서 기분상했고 얘기하고싶지 않아 알겠다고 하고 끊었습니다. 제가 직원인줄알았어요^^ 난장판이네요ㅋㅋㅋ 선물받은 상품권쓴다고 빨리구매하려고 이용했더니 더 느리네요.. 배송받고는 절대로 재설치 안할예정이에요. 대기업이 대기업가치를 못해서 실망했어요",2020년 2월 3일,51
95,박호영,, 닝길. Pay 씹만원 어치 샀는데. 쓰기가 뭐이리 어렵냐. 내 10여종의 페이류 중에 전화해서도 장바구니 물건 못산 페이는 니들이 첨이다. 친절하게 도와준다며. 니들은 귀한집 아들딸이고 선불낸 손님은 멍멍이냐. 페이남은거나 쓰고 탈퇴할라니. 인증 문자받는데 2주간 안온다. 전화로도 안되고. 어쩌라고,2020년 4월 11일,51
96,형준,," 헬*펫,좀*비고 등등으로 깔아서 캐시,쿠키,가스 등이 안 들어오셨다고 하는데요. 그건 그 앱의 문제고 이 앱에서 해결 할 수 있는게 아니에요. 그 앱이 이 앱을 광고로 설치하라고 한거지, 캐시가 안들어왔다고 평점 낮게 주는건 그 앱에게 망신을 주는 행동입니다만? 이 앱이 아니라 그 앱에게 따져야 할 문제에요~~ 이거참 스알못이네 ^-^.. 저도 타게임으로 넘어왔긴 하지만 리뷰보니까 쓰레기리뷰들이 많길래 해보지는 않았지만 별5 남기고 갈게요 :)",2019년 1월 5일,55
97,김현이,, 배송약속한날 그시간전후로 엄청난 비가 쏟아부었는데....사고날까봐 배송기사 운전걱정했어요~ 정확하게 아주 잘배송받았습니다.제품받으며 활짝 웃었어요.감사합니다. 제품은 내가선택한 사양대로 시원하고까실한 느낌이며 몸에 붙지않고 여름에사용하기딱좋아요. 사이즈 품질 완전 좋았어요. 주위친구랑추천해서 같이주문했는데 탁월한선택 강추입니다.,2019년 9월 1일,55
98,popopire,, 컴퓨터본체 주문시켰는데 쓱은 무슨 4일걸린다해놓고 9일만에도착. 택배사잘못이라고 떠넘기기나하고. 애초에 약속못지킬꺼면 그냥 10일정도 걸린다고 적어놓으면 될것을. 판매사가 모든걸 책임지는거아닌가요? 애초에 쓱 빨리온다고 광고컨셉은 왜 잡으셨는지? 쿠팡은 늦게오면 본점차원에서 대응하고 알아보고연락주던데 여기는 택배사에 알아서 문의해라함. 내가 왠만하면 리뷰안쓰는데 너무 열받아서 씁니다. 무성의한 대응. 책임회피. 쿠팡에 밀리는 이유가있음. 첫 주문부터이러니 다시 이용하고싶은생각이 안듬,2020년 6월 23일,51
99,다빈튜브,," 광고 알림 푸쉬를 받아서 누르면 앱이 실행되는데, 그때마다 ssg계열 브랜드 스플래쉬 화면이 뜨는게 과도합니다. 느리기도하고요. 할인광고 노티 누르면 상품페이지 바로바로 뜨도록 개선해주세요",2018년 10월 31일,53
100,김민경,, 없는게 너무 많아요,2020년 12월 15일,53
101,Tom Ahn,, 음... 타이밍인가 계속 사야하는게 품절이길래 못사고 있다가 새벽 5시 다 있길래 주문 하려고 클릭하는중 로그인하고해야겠다며 10분 정도 소요 되서 로그인 하는순간 6가지 품목 품절... 새벽인데 그게 가능한가요? ㅡㅡ 아니면 로그인하면 못사는게 있나?.. 그래서 로그아웃했더니 장바구니 사라지고 뭐지..,2020년 3월 8일,52
102,써니,," 아니, 왜 오늘 아침부터 이 앱과 새벽배송 앱만 계속 네트워크 오류가 뜨나요? 태블릿인데 터치로 화면 넘어가는 건 아무렇지도 않은데 검색어만 누르면 계속 뜹니다. ㄱ누르면 뜨고 ㅏ누르면 뜨고. 어제까지 괜찮다가 오늘 아침부터 그렇고요, 새벽배송은 아침엔 괜찮다가 오전부터 그러네요. 할 수 없이 장보기를 노트북으로 했네요. 네트워크 연결 오류라고 뜨는데 유튭으로 음악 듣는데 아무 지장 없어요. ssg앱만 그래요.",2020년 4월 2일,51
103,Sangsoo Kang,, 여기도 하나의 백화점인데 고객센터가 서비스가 엉망이네요. 반품제품 수거지를 회사로 오라고 하고 배송지를 집으로 해달라고 했는데 반품회수한다고 집으로 갔네요. 구구절절 다털어 놓을려고 하니 손아프네요. 신경많이 쓰셔야 겠습니다.,2020년 1월 13일,51
104,Brooklyn Choi,, UI가 너무 복잡해서 직관적이지 않고 너무 많은 것을 넣으려다보니 심하게 버벅거린다... 더 사양 안 좋은 폰에서는 돌아갈 수 있나 의심됨. for you 브랜드 같은 건 없앴음 좋겠다. 오래 클릭해서 장바구니로 보내는 것도 직관적이지 않고 찜버튼이 아니라 장바구니 버튼이 제일 위에 있어야하지 않나 싶음. 아무튼 과유불급 + 정말 너무 느리고 버벅대서 빡친다... 물건이 많아서 어쩔 수 없이 쓰는데 진짜 짜증ㅋㅋㅋ 기능 좀 빼라,2018년 11월 27일,51
105,김지윤,, 진짜 너무 별롭니다. 별로인것도 모자라 쓰고 싶지도 않네요. 결제 확인도 안되어서 4번을 반복했는데 계속 결제가 안되어서 결국 다른곳에서 사야하네요. 정말 최악 입니다.,2018년 11월 11일,51
106,신재호,, 광고보고사용했는데ㄹㅇ.앱평이 낮은 이유를 알겠네.앱이 좀 느린건인정. 솔직히 앱이 문제라기보단 ssg가 문제임. 그래서 신경안쓰고 쇼핑했는데 바로 상품 잘못옴.(첫배송임)이건 문제있다.광고에서는 그렇게 배송잘한다해놓고.광고찍은 공유하고 공효진은 뭔죄임. 이앱쓰지마세요. 진짜 쓸거면 따른 거쓰세요.,2020년 4월 28일,51
107,- leon,, 뭘 사라는건지 말라는건지. 계속 로딩만 오지게 뜨고 다음 페이지로 넘어가지를 않음. 계속 결제진행 중이라는 창과 네크워트 지연이라는 창만 뜸;; 다른 건 잘만 되는데 이것만 그럼. 다시는 절대 못 쓸 것 같은 앱,2019년 9월 22일,51
108,화려한반짝이,," 너무 너무 짜증나고,,앱의 질이 너무 떨어져서,장보다 신경질 나고....카드사에서도 문제없다.ssg고객센터에서도 문제없다는데.. 결제가 안됨..서로 미루고 난리... 앱 지웠다 깔았다..정말 신경질 너무나서.. 이제,다시 않씀",2019년 9월 22일,51
109,조현정,, 아진짜... 돌아버리겠네요.. 무슨 로그인 개미지옥입니까?? 인증번호 지금 몇번짼지.. 비번 찾기도 어렵고 분명 통합로근인하라해서 뭔가 가입한것같은데 나중보면 비번 틀렸다하고 ... 아 .. 짜증나서.. 딴앱에서 시켜야겠네요 ..,2019년 12월 27일,51
110,지혜JIHYE,," 복숭아 최악. 벌레 먹은거 잔뜩 들어있고, 싱싱한거 보내달라고 요구했는데 배신감까지 느껴진다. 복숭아 하나 자르고 기어다니는 벌레에 질겁했다. 배달은 정확해서 좋았는데 품질은 최악이었다. 신선제품은 될 수 있으면 사지 않는 것이 팁!",2019년 9월 19일,51
111,한결,," 여기는 아직 정신을 못 차린듯... 딱 보니까 앱 만들때 결정권자가 오프라인에만 있던 사람임. 앱을 무슨 오프라인 그대로 옮겨놓을려고 함. 까사미아, 하우디, 부츠 이딴거 넣지 말고 ssg는 쿠팡처럼 만들고 각 매장은 e-delivery라는 앱을 따로 만들어서 배달의 민족처럼 각 매장에서 배송을 받을 수 있는 방식으로 만들어야지 이렇게 중구난방으로 앱을 만드는데 쿠팡이랑 경쟁이 안 되지. 정용진은 인스타도 하면서 본인 앱 인터페이스가 쓰레기라는걸 못 느끼나? 인기앱처럼 직관적으로 만드세요",2020년 2월 29일,51
112,김강준,, 신세계 통합한다는 취지는 좋은데 ui나 ux가 너무 직관적이지않고 손이 많이갑니다. 요새 이런 화면구성 찾기힘든데...뭔가 혜택을 찾을래도 가시성이 떨어지니 앱에 들어가 있을 생각도 안드네요(앱 랜딩 시간도 길고 이미지도 썩 눈을 잡지않아 체감상 시간이 길어보입니다),2020년 1월 21일,52
113,Moni Lee,, 3/11일자 업데이트 후 배송트럭 로딩만 화면에 뜰 뿐 장바구니 등 이용 불가합니다 오류 수정 해 주세요 배송 많은 요즘 같은 때에 에러 확인도 제대로 없이 기능 추가 되었다고 자랑삼아 공지하는 거 어이없습니다 이런 대기업이 온라인몰 관리를 이렇게 시대에 못 따라가는건 결국 기존 프로그램 못 버리는 임원진들 탓 아닐까 추측해봅니다 애꿎은 말단사원들 에러수정 하면서 무리하게 시스템 확장만 퀼트처럼 붙여나가기 시키지 말고 쿠*앱처럼 편리하게 다시 포맷을 만들 수는 없는가요?! 장보기 결제까지 완료하는데 걸리는 시간이 슥닷컴이 제일 실속...전체 리뷰3/11일자 업데이트 후 배송트럭 로딩만 화면에 뜰 뿐 장바구니 등 이용 불가합니다 오류 수정 해 주세요 배송 많은 요즘 같은 때에 에러 확인도 제대로 없이 기능 추가 되었다고 자랑삼아 공지하는 거 어이없습니다 이런 대기업이 온라인몰 관리를 이렇게 시대에 못 따라가는건 결국 기존 프로그램 못 버리는 임원진들 탓 아닐까 추측해봅니다 애꿎은 말단사원들 에러수정 하면서 무리하게 시스템 확장만 퀼트처럼 붙여나가기 시키지 말고 쿠*앱처럼 편리하게 다시 포맷을 만들 수는 없는가요?! 장보기 결제까지 완료하는데 걸리는 시간이 슥닷컴이 제일 실속없이 느려요! 광고할 금액으로 시스템 손 봐 주시기를요,2020년 3월 11일,51
114,초코ᄏ,, 어이 님들아 관리똑바로해라 3일전 물품올라와있는거 구매했다 근데 물품배송밀린다길래 참고기다렸다 급해서 빨리했어야하는상황인데 오늘와서야 물품이 품절됬다는 연락이왔는데 이게말이돼냐? 정신차리고살아라 이게무슨피해임 시간5일날리고 쿠팡에서산다 이렇게살지마라 손님을 무슨 흙으로보나 품절된걸 왜 올려두고난리피는거임? 시간은 보항도 쳐안해줄꺼면서 이따구로 할꺼면 앱을만들지마셈;;,2018년 11월 29일,51
115,SEHEE H.,, 어지간해선 별 5개하는데 이건정말..최악이예요 신세계상품권스려고 어쩔 수 없이 썼는데 배송주소고 뭐고 검색도 안되고 클릭도 안되고 닫기도 안되고 확인누르려면 드래그해야하는데(밑에버튼 반의 반만 빼꼼 나옴) 드래그마저 안됨.. 윈도 98부터 공인인증서세대 다 겪어봤지만 이앱처럼 결제하고 주문하기 힘든 어플 처음 봄,2019년 4월 8일,51
116,Judy Noh,, 고객상담하다가 종료된지도 모르고 혼자 상담하고 있었고 재고 관리도 제대로 되지 않는 앱입니다. 다른 큰 쇼핑몰의 수준을 기대하고 사용하지 않는 것이 정신 건강에 좋습니다.,2019년 1월 2일,51
117,장현희,, 정말 주문한번 더럽게 힘드네요. 신세계상품권 전환해서 결제하는데 진짜 헷갈리게 해놨어요. 앱이라 그런가요? 컴터앞에 앉아 홈플 쇼핑하다 처음해봤는데 욕나올뻔했어요. 충분히 쉽게 만들수 있는데 정말 어렵게 진행하시네요. 뭔비밀번호 등록은 글케 많은지 자주 안쓰다보니 맨날 비번 까먹게되고. 암튼 쉽고 편하진 않고 soso 쿠폰준것도 일부 상품 미적용이면 상품에 제외.가능 표시를 해줘야 알지 계산할때 갑자기 금액이 모자라다 하고. 암튼 실망이에요.,2020년 2월 8일,52
118,Derick Lee,, 처음으로 댓글 남길정도로 최악이네요. 말만 통합이지 배송비가 다 제각각 있어서 보기도 힘들고 합쳐놓은 이유를 모르겠네요.. 사용하다보면 욕이 절로나오는 최악의 서비스네요!!,2019년 11월 1일,51
119,김혜영,, 좋아요.접속도잘되고배송도빠르고직접장보러가는것보단편리합니다.집앞까지갔다주시니힘드시거같아요.특히저희집처럼산꼭대기는..^^;.... 항상잘이용합니다.,2020년 2월 27일,54
120,김지연,, 여기서 거의 모든장을 다 보네요 너무 편하고 좋아요 가격도 저렴하구요,2020년 10월 21일,55
121,김진옥,, 좋은상품 저렴한가격에 안전하면서 빠른배송에 늘~감사드림니다~~^^^,2020년 9월 10일,55
122,ᄆᄌ,, 제가 어묵이랑 떡을 주문 했는데 유통기한이 11윌5일이더라구요. 유통기한이 너무 짧아요. 이런점에서 정말 실망했어요. 다음부터는 유통기한이 여유가 있으면 좋겠습니다.,2019년 10월 28일,52
123,tetetoto titi,, 아니 복잡한 앱도 아니고 그냥 쇼핑앱인데 대체 결제랑 장바구니 왜이렇게 에러 많이 나고 로딩이 길어요?; 결제단에서 이렇게 오류나면 당연히 구매 이탈률 일어나는거 아닙니까? 모바일홈페이지도 이래서 어플 다운받았는데 진짜 겁나심하네요 2019년에 이런 어플 처음봄;; 장바구니 버튼 누르고 페이지 뜨기까지 로딩 정확히 55초 걸림;;;; 주문버튼은 안먹어요;; 와 이런 앱이 ㅋㅋㅋㅋ 어플 담당 부서 진짜 양심없는 수준아닙니까 회사 매출을 이렇게 깎아먹네ㅋㅋ 접점별 고객 이탈률 분석좀 해보세요 제발,2019년 9월 22일,51
124,돈데크만,, 흥덕점 배송이 매번 1시간30분씩 늦어서 짜증나요... 기사분들이 원인이 아니라 물건 담는분들이 게으름 피워서 10시부터 배송나가야할것을 11시30분에 배송나간데요.. 일하는분들 교육이 필요한것 같네요,2019년 6월 4일,51
125,boram,, 할인이라거나 다른부분은 괜찮으나 품절기재가 되어있지않아서 두번이나 강제 주문취소됐습니다. 시간낭비만 한 것 같아요,2018년 10월 25일,52
126,이종이,, 회원가입시 20%할인쿠폰이 있다고해서 가입하고 다운받았는데 적용이 안되서 콜센터에 문의하니 마진률에따라 쿠폰은 다르게 적용된다는데 그런건 미리 공지해야지 않나요 낚시도 아니고... 개인 쇼핑몰도 안하는 짓을 ssg에서 할줄은 몰랐네요 회원가입한 시간이 아깝지만 굳이 탈퇴합니다 이미지가 저렴해지는 순간이네요 시간내서 회원가입해준 고객을 상대로 이런 장난이라니 차라리 할인 마진 금액을 정하던가 쓰윽 ~ 야비하네요,2019년 7월 21일,51
127,Sang-Man Lee,," 1. 대화창이 많다 ㅡ 타 사이트보다 손가락을 더 많이 놀려야 된다. (예: 종료하시겠습니까?) 2. 앱이 어무 무겁다 ㅡ 페이지를 이동하려면 시간이 많이 걸린다. ※ 좀더 가볍게, 간단하게, 못 만드냐? 수영선수가 양복입고 풀에 뛰어드는 듯하구나...",2019년 12월 23일,51
128,Eunju Park,, 돈쓰고 싶은데 결재창에서 자꾸 오류가 나요.... 몇번째인지... 앱 다 지우고 다시 깔았어요. 사용하던 사람들도 다른데로 가겠어요.,2020년 2월 10일,52
129,Ko묘묘,, 와우. 판매량순을 쥐도새도 모르게 없애버리셨군요?올해 초에 마케팅 수신 혜택 박살내고 되도않는 쓱티커 빙고 뽑기 도입하더니 쓱티커 당첨 상품도 몇달새에 박살이 났어요. 물건값이랑 월급도 빙고판으로 받아가시지 그러세요.,2020년 6월 25일,52
130,투마,, 앱 처음 실행시 로딩이 너무 걸리네요 쇼핑몰은 속도가 생명인데 계열 브랜드를 다 보여주다가 다른 편리한 쇼핑몰로 다 소비자 놓칩니다,2018년 9월 28일,52
131,메깅몽,, 자꾸 자동으로 이 앱의 스토어창이 최근 사용한 어플리케이션 목록에 뜹니다. 홈 버튼 왼쪽의 버튼을 누르면 뜨는 그 목록이요. 무단 광고 아닌가요? 저만 겪는 현상도 아닌듯하니 히루빨리 고챠두시면 감사하겠습니다,2020년 5월 10일,51
132,aAa chacha,, 배송진행상황 및 배송 후 알림 서비스 매우 만족하고 품목별로 분류해서 포장해오신 쎈스에 더더욱 감동했습니다❤ 한국의 배달 서비스는 세계 최고입니다.,2020년 2월 26일,55
133,냥집사,, 통합회원 가입하다가 저혈압 치료했습니다. 본인인증까지 다 마치고나면 인증페이지 어쩌고 불러올수 없습니다.. 네...gs 프레시 쓰겠습니다 그냥 ㅜㅜ,2020년 2월 4일,51
134,SJ SoN,," 선착순으로 할인 쿠폰 '추첨 기회' 발급? 그마저도 수량 한정에 조기 매진 가능? 근데 수량은 미고지? 미끼 상품으로 개인정보 먹고 화제성도 키우고, 개양아치네요",2019년 2월 19일,51
135,하안젤리카,, 네이버 가입하고 인증 받았는데 몇번을 눌러도 안넘어가요. 사기네,2020년 10월 26일,51
136,도도'맘v쏭미,, 아..정말 오ㅐ 이러나요 ㅡㅡ 장보기랑 넘 잘쓰고 있는데... 상품권 전환한거 쓰려고 하니.. 계속 세션이 만료되어 화면을 전환한다는 문구만 반복되네요😱 핸드폰을 껐다 키고... 앱을 다시 시작해도 이러니;;; 진짜 답답하네요!!!,2020년 4월 10일,52
137,Google 사용자,, 카테고리 작업을 좀더 실속있게 해야 할 듯 식품을 보려면 쓸데없는 거 잔뜩보고 지나야하니 짜증나요 과천 이마트도 노선을 빙빙 돌게 만들어서 짜증이었는데 마치 그와같은 느낌이었습니다 쓱 굉장히 기대했었는데 ..,2019년 3월 9일,51
138,정민규,, 어플에 대해 처음 평가 남깁니다. 역대 최악입니다... 인증 인증 인증 설정하지도 않은 결제비번 쓰라하고 무엇을 상상 하든 인증과 설정하지도 않았던 비번 쳐야돼서 다시 인증하고 비번 설정하고 다시 하고의 반복 입니다. 끝났다 생각 할때 그때가 시작에 불과합니다. 첫 구매시라면 영화한편 보면서 하시던가 담배 여러개 준비하시고 하세요,2019년 9월 19일,51
139,박귀연,, 휴대폰결제로 구매가능한 상품이 가득 있었습니다. 신기한 외제과자와 아이스크림도 맛있고 고기 포장을 잘해 배송해조서 좋은데 그런 상점물품서비스를 연결시켜주는 좋은 프로그램,2019년 10월 15일,54
140,Google 사용자,, 쓱 앱을 열어놓고 다른 앱을 쓰다가 다시 사용하려고하면 쓱 앱이 리부팅되는 현상이 빈번히 일어납니다. 요거 요거 해결 부탁드려요.,2019년 9월 22일,53
141,SAATI Water Choi,," 아이디가 복수로 생성 되었는데,아이디 두개를 통합을 못시킵니다. 운영자 미숙인지 개발자 문제인지 모르나 해결못하고있음.",2020년 4월 5일,51
142,G P,, 앱만 깔게하고...배송지역은 서울 일부. 열받아서 앱삭제 합니다. 그냥 쿠팡이 낫겠어요. 지역을 그리 좁게 잡고 보냉백 새벽배송 홍보만 대대적으로 하면 어째요. 일부지역만 시범운영이라고 지역 명기도 해야지요.,2019년 7월 3일,51
143,Hyun Kyong Lim,, 앱에 여러 마켓이 통합되면서 점점 무거워지는지 너무 느리고 오류가 자주납니다. 새벽배송 추가되고 더 심해진 것 같네요. 장바구니 이후로 진행이 안되서 구매를 할 수가 없네요,2019년 9월 22일,52
144,채용배,, 앱 너무 느려서 폰 뚜드러 깨부수고 싶음 - s9+256 그리고 어플 느려 터진 주제에 상단바에 노출되는거 보고 두번 빡치네 ssgpay 어플후기를 여기다가 적었네 너도 써보진 않았지만 다르지 않을거라고 확신한다,2018년 9월 28일,51
145,얼짱에이포,, 앱 이용하면서 이렇게 운영을 뭐같이 하는 쇼핑물은 처음이네요 구멍가게도 아니고 매번 물품 구매 결재 후 몇일 지나면 반품되었다고 문자만 오고 한두번도 아니고 고객센터 전화하면 연락 안되고 그래도 신세계 이미지가 있는데 사이트에 있는 제품들 관리는 하고 있는지 의문 입니다 최악이네요 운영이 안되면 접던지 사이트 관리 톡바로 하세요,2019년 11월 2일,51
146,Jh S,, 어제부턴가 검색이 안됨. 검색창에 글자만 쓰면 네트웍 오류라고 뜨며 자꾸 재시도 하라고 함. 짜증.,2020년 4월 3일,51
147,리을,, 제시간에 안올거면 시간선택 왜만들어놨죠? 분명 6시이후에 배달해달라고 했는데 5시에 왔네요.그동안 제 물건들은 밖에 방치되어 있었구요ㅎ 없어지면 여기서 책임질껀가봐요?,2019년 12월 2일,51
148,자유민주주의,," 결제 도중 멈추어 결제 진행이 안됨. 결제완료, 앱실행 눌러도 실행불가. 삭제후 재설치 하면됨. 짜증",2019년 8월 8일,53
149,시저,, 글씨가작아 글씨보기가힘듬 상품자세이 보려면 글씨가커야 자세이 이해하는데 글씨가너무작네요 돋보기쓰고 확대경이리니 앱에서 삭제 제거하고나간다.,2018년 10월 19일,51
150,오수철,, 사용하기 편하고 좋은 어플 입니다. 다만 최근 안드로이드 P 에서 알림바 노출이 안됩니다. 업데이트 부탁드려요.,2019년 1월 24일,55
151,아이엠뭉이,, 앱아이콘에서 알림표시 빨간 아이콘 떠서 앱들어가서 알림 누르면 온것도 없고 그맇다고 빨간아이콘없어 지지도 않고 도대체 어디드가야지 그빨간알림콘에 몇십개의 알림을 볼수있습니까? 짜증나게ㅡㅡ 진짜,2020년 4월 6일,52
152,Hyunsik Lee,," 솔직히 카카오뱅크에서 혜택이 있어 사용함, 그게 아님 사용 안함.",2020년 10월 13일,55
153,whats what,, 장바구니 들어가는데 14번만에 들어가고 결제는 당연히 안넘어가고.. 아침부터 시간날때마다 클릭하는데. 업데이트 확인했고 웹뷰 확인했고. 근데 작업에 실패했습니다 계속 뜸. 물론 장바구니 들어가는거 조차 힘듬..,2020년 1월 6일,51
154,tamtam,, 아이폰에선 무리없이 사용했는데 안드로이드 어플에선 장바구니 로딩하는데 시간이 너무 많이 걸려요.. 인내심에 한계오고 뭐 하나 삭제하고 변경하는건 너무 힘듦;;,2019년 8월 19일,52
155,SJ H,," 오늘 처음 들어가봤는데...UI UX가 너무 불편하게 생겼어요. 쿠팡 경쟁사라고 하는데, 너무 비교됩니다. 추후에라도 개선해서 사용자들에게 편리하게 쇼핑할 수 있도록 해주면 좋을 것 같습니다.",2020년 4월 29일,53
156,Google 사용자,, 완전 대박 대박 좋아요. 표시를 할 것 같습니다. 그리고 그 속에서 진행됐다. 이날 방송에서 멤버들은 각자 맡은 배우 겸 가수 비 오는 날.,2018년 11월 7일,51
157,Aw K,," 푸쉬알람 설정, 핸드폰 시스템상의 알람설정, 카카오톡 알람 등등 모두 다 변경하고 수정해도 입고알림이 안오네요.....",2020년 4월 28일,54
158,jeongnim Yu,," 본인인증이 왜 안됩니까? 앱카드로 해도 안되요, 전화번호로 해도 안되요~ 다른데서는 잘만 되는 인증에 결제가 앱시작하자마자 로그인부터 막혀서 그냥 지웁니다. 마켓컬리랑 번갈아가며 쓰려했는데 로그인부터 도루묵이예요아주 차라리 그냥 이마트를 가는게 이 엡으로 쇼핑하는거 보다 나을듯",2020년 4월 15일,51
159,리틀포레스트,, 업데이트를 쳐할때마다 맨날 폴더 밖으로 쳐삐져나옴 그리고 편리성도 개같고 이 앱 누가만들었는지는 몰라도 개같음 한번만 더 삐져나오면 제거할고임,2019년 1월 25일,51
160,은고양이,, 미성년자는 안된다고 하네요..캐시워크에서 쿠폰을 얻어서 이 앱을 깐 후에 쿠폰을 받으려고 제 전화번호로 회원가입을 한 후에 쿠폰번호를 찍었어요.그런데 미성년자는 회원가입을 할 수가 없다고 하네요.그래서 엄마폰번호로 회원가입을 해서 쿠폰번호를 찍어서 사용을 하려는데 쿠폰을 쓸 수가 없다네요.미성년자가 회원가입을 하는게 죄인가요?,2020년 1월 16일,51
161,잘날,, 불편한데다 배송도 늦네요 예정시간 문자도 없고 오늘 주문하면 내일 xx시부터 도착 이렇게 적혀있었는데 2일 지나도 안오고 진짜ㅋㅋ 쓱이 택배 안와서 그냥 기다리기 포기하면 그 사이에 몰래와서 쓱 놓고간다는 쓱이였나봐요,2020년 7월 9일,51
162,꾹새,," 앱 절대 깔지마세요. 앱 광고 수신동의 해서 주는 쿠폰 ""일부 상품 미적용""입니다. 대부분 안될듯",2020년 1월 14일,51
163,한지우공일공오오삼팔칠이삼,, 이거 잘 되다가 왜이래 됨? 검색도 안되고 . 뭘 사란거임? 아무것도 없고 품절만 있는데 코로나땜에 함께 돌앗나,2020년 4월 10일,51
164,지구별dive,, 쓰래기 쇼핑몰 재고파악도 안됨 주문 제품마다 배송준비중이다 몇일씩 기다리게하고 취소도 안되다 일방적으로 품절 취소당함 환불도 바로 안됨,2020년 5월 12일,51
165,김정은 SouthKorea,, 요즘 코로나로 쇼핑할때 조심스러운데 쏙배송 덕에 신선한 과일채소 뿐 아니라 무거운 물건들도 집앞까지 빠르게 배송되어 참 고맙습니다♡,2020년 4월 17일,55
166,SunDoc Kim,, 비밀번호 변경을 위해 여러번 인증 하고 완료가 되었다고 해서 로그인을시도 했으나 로그인이 안돼서 삭제 하였습니다. 다시는 사용 안할거 같네요.,2019년 1월 5일,51
167,김채원,," 앱 안정성이 너무 떨어져요. 네트워크 연결도 그렇고 포인트 사용, 결제 등 제대로 되질않아 몇번째 지우고 깔고 하고있어요.",2019년 9월 17일,51
168,이아름,, 판매물건이 이상하여 판매회사 대응방침에 굉장히 난처하고 당황스러웠으나 고객상담실 직원분께서 본인 일처럼 너무 친절히 그리고 꼼꼼히 손님편에서 대응해주시고 ssg회사에서도 제식구마냥 든든하게 책임져주고 물심양면으로 도와주셔서 너무너무 감사했습니다~ 직원분도 ssg회사도 너무너무 감사했습니다~ 좋은 회사라 그런지 직원분들도 너무 좋으셨구요~ 왠만한 물건은 이제 믿을수있는 ssg에서 구매하려구요!!! 직원분들도 ssg회사도 복많이 받으시고 더욱더 번창하시길 바라겠습니다. 화이팅!!! 기대안하고 있었는데 너무 뜻밖이라 어벙벙해서 직원분 성...전체 리뷰판매물건이 이상하여 판매회사 대응방침에 굉장히 난처하고 당황스러웠으나 고객상담실 직원분께서 본인 일처럼 너무 친절히 그리고 꼼꼼히 손님편에서 대응해주시고 ssg회사에서도 제식구마냥 든든하게 책임져주고 물심양면으로 도와주셔서 너무너무 감사했습니다~ 직원분도 ssg회사도 너무너무 감사했습니다~ 좋은 회사라 그런지 직원분들도 너무 좋으셨구요~ 왠만한 물건은 이제 믿을수있는 ssg에서 구매하려구요!!! 직원분들도 ssg회사도 복많이 받으시고 더욱더 번창하시길 바라겠습니다. 화이팅!!! 기대안하고 있었는데 너무 뜻밖이라 어벙벙해서 직원분 성함도 못물어 봤네요ㅠㅠㅠ,2020년 2월 6일,55
169,신아영,, 결제를 세번은 했나보네요 비밀번호 치고나니까 어플 시작화면으로 가면서 결제가 되지 않았네요 덕분에 구매하려고 했던 제품 지나갔고 돈 아꼈습니다 감사합니다,2019년 11월 11일,51
170,dev k,, 알리익스프레스보다 배송이 늦고 제품아 지금 어떤 상태인지 파악도 못함. 1:1고객센터 톡은 즉시 확인 한다고 하고 빨리 알아봐주겠다고 대답하고 30분뒤에 아무런 말없이 1:1톡방에서 나감..,2019년 1월 8일,51
171,die bad,, 클립할인 메뉴 어디 갔나요ㅡㅡ 젤 유용하게 쓰는 기능인데 클립해놓고 가격 떨어지는거 보고 주문하는 맛으로 사용하는데 클립할인 되돌려주세요,2020년 8월 2일,52
172,김면,, 노브랜드 제품시키느라 이용하는1인데 주문할때마다 이건품절ᆢ그래서빼면 다른게품절 ᆢ한꺼번에 품절목록보여주던지 진짜 몇번을담고지우고 정작 주문할문건은 막판에 품절ㅋ제외하고주문하기ᆢ엄한것만 주문하게되고ᆢ다없데다없어ㆍ젤필요한걸꼭못사 대기업 시스템이 진짜 이건아닌듯여ᆢ,2020년 3월 16일,52
173,정지연,, 필터에서 브랜드 선택해서 검색하려고 브랜드 선택하면 강제종료 되버리던데 왜 이건 보완하지 않고 업데이트 하신건지... 검색 좀 하려고 브랜드 고르기만하면 꺼져버려서 짜증남... 이 현상 좀 보완해주시면 좋겠어요...,2019년 10월 15일,51
174,쿤TV,, 장바구니 상품 중에 품절 상품 한번에 삭제하는게 전에 있었는데 지금은 없네요 일일이 지우기 귀찮으니까 원래대로 다시 추가하세요,2020년 1월 7일,52
175,네한지_Nehanji,, 네이버아이디로 로그인했더니 신세계 상품권 5만원 소멸해서 이 아이디 아닌가해서 다른걸로 해보려했더니 계속 그아이디로 로그인되서 삭제하고 까니까 신규가입떠서 다른걸로해야겠다 했더니 또 삭제하고 깔아야돼네 5만원권 다시 주세요!!! 아이디 찾기나 비번찾기도 안돼고 신규가입은 전화번호로 된 아이디가있다고 뜨고 5만원 괜히 소멸했잖아!!!,2019년 4월 16일,51
176,SeungYeon Ha,, 상품도 많고 배송빠르고 저렴해요 ㅋㅋ 통합검색기능 편리하지만 어플 UI는 개선되었으면 좋겠어요 ㅋㅋ,2019년 7월 28일,55
177,영은,, 흐어어엉 ㅠㅠ 감사합니다 100캐시가 나옵니다 ㅠ 테마키보드에 캐시로 사는것있는데 부족해서 앱설치하면 100캐시 준다해서 설치하고 바로 적용했는데 되여 감사해요 ㅠ,2019년 3월 24일,55
178,조규범,, 오늘 앱이 강제초기화 되어서 다시 인증했더니 기존 카드도 다시 등록하라고 해서 다시 등록하는데 카드가 안보임 아침부터 지금오후 3시까지 계속 이상태임,2019년 11월 1일,51
179,Kori Jin,, 엄청 버벅거리는 프로그램. 타 쇼핑몰과 비교하면 아직 멀었고. 오류도 많음,2018년 9월 16일,51
180,Alan S,, 어플이 너무 복잡하네요 조금 더 심플하게 디자인하면 좋을거 같아요 처음 들어가면 너무 정신사납습니다,2020년 4월 29일,51
181,최준영,," 재고관리 엉망에다가 쇼핑몰 관리도 엉망..배송도 느리고, 모르고 시키면 재고 없다고 카톡으로 옴..",2019년 1월 16일,51
182,차미진,, 그냥 ^^ 게임 드럽게 못만들어서......,2020년 10월 3일,51
183,JiSoo Choi,, 타인의 플스 당첨 여부 알수가 없음 다운로드수 늘리려는 의도적 이벤트인건 알지만 이벤트 결과에 대한 구체적인 공지가 없음,2019년 2월 19일,51
184,심승보,, 뭐 쿠폰 준다길래 살 것 있어서 들어갔더니 쿠폰 적용 도대체 뭐에 되는 거죠???? 1시간 동안 찾는데 검색은 되지도 않고기껏 찾아서 결제할랬더니 쿠폰 적용은 안되고 걍 내 돈 내고 살랬더니 일시품절... 하 이럴거면 매장 가서 사는게 더 이득인것 같은데 쿠폰 준다는 말로 현혹하지말고 앞으로는 이 어플이나 ssg는 절대 이용 안하겠습니다 차라리 네이버쇼핑이 훨씬 편리하고 낫네요,2019년 9월 9일,51
185,ᄀᄉᄋ,, 뭐죠..설치를 하고 별루여서 지웟는데 지워졋으나 창에 계속 제거중이라도 뜨네요...이런거 싫어하는데 어떻게 하나요..,2018년 10월 31일,51
186,sungsik jo,, 로그인이 되지 않는 이유는? 네이버 연동으로 하는데 로딩창만 뜨고...아이디 찾기나 회원가입 버튼 눌러도 똑같네요,2020년 3월 11일,52
187,박을순,, 업데이트가 잘못된건지 상품 검색이 안되는게 많아서 구매하기가 매우 불편합니다 자주 이용하는데 지금은 타 쇼핑몰에서 구매합니다,2020년 8월 12일,51
188,EUNKYUNG CHOI,, 배송이 되는 날이 없어요 수요일 주문하면 월요일부터 받을 수 있음 광고 그만하고 배송 좀..,2020년 4월 22일,52
189,강영심,," 편리한 시스템 입니다. 앱 사용도 빠르고, 배달도 신선한 제품으로 신속하고... 강추!",2020년 4월 23일,55
190,윤주차,, 어플 아이콘 눌러서 들어가면 왜 네이버브라우저 통해서 접속되나요?플레이스토어에서 검색해서 열면 제대로 어플로 열리던데..,2019년 2월 21일,51
191,zxc041 7,, 이어플깔고부터 전화번호따인거아니냐고 스팸전화라고뜬다고그러는데 뭐죠? 유출된거같은데 어플권한때문인가 카카오페이지 광고캐시받으려고에깔앗는데.. 깔지마세요,2018년 10월 2일,51
192,Google 사용자,, 별한래도 아깝네요 광고좀 그만뜨게하세요 게임할때 뜨고 ;; 유튜브 볼때 뜨고 완전 불편하네요 별한개도 아까웁니다,2019년 3월 23일,51
193,HYUNY [TV],, 써볼까 했는데 평가도 매우 안 좋고 평점도 매우 낮고 불만글 넘쳐서 그냥 지움 얼마나 관리를 안 하면 앱 관리자 답글도 없나 싶네,2020년 7월 29일,51
194,리아,, 잘이용하고있어요 이마트특히 카드청구할인에 그달 쿠폰까지할인받아서 거의 20프로씩 할인받아서 구매한답니다 너무좋네요^^,2020년 5월 13일,55
195,박정혜,, 갑자기 검색이 안되네요 검색창에 뭐 입력하면 서버 연결이 안된다고 자꾸 꺼져요 어제부터 급 발생함;;,2020년 4월 3일,51
196,박선욱,, 쿠팡하고 너무 비교됩니다...너무 난잡하고 불편합니다..그렇다고 가격 경쟁력도 없고...안타깝네요..,2020년 7월 28일,51
197,hogb1004,, 매번잘오다가 오늘은 예약시간보다 1시간30분 늦춰쳐서 배송된다고 연락이 왓는데 늦춰진시간에도 도착을 안하고 하염없이 기다렷네요~ 나가야하는데 나가지도 못햇어요ㅠㅠ,2019년 7월 2일,52
198,Google 사용자,, 간단하게 집에서 백화점내의 거의 모든 상품들을 보다 저렴하게 구매할수있어요. 잘 사용하고 있습니다.,2018년 12월 14일,55
199,힐링채널,, 핼로팻 땜에 깔았는데 쿠키가 빨리안들어오네요 게다가 쿠폰받았는데 바로 품절? 지웁니다 용량낭비네요,2018년 12월 23일,51
